-- MySQL dump 10.13  Distrib 8.0.31, for Win64 (x86_64)
--
-- Host: 127.0.0.1    Database: servis
-- ------------------------------------------------------
-- Server version	8.0.31

/*!40101 SET @OLD_CHARACTER_SET_CLIENT=@@CHARACTER_SET_CLIENT */;
/*!40101 SET @OLD_CHARACTER_SET_RESULTS=@@CHARACTER_SET_RESULTS */;
/*!40101 SET @OLD_COLLATION_CONNECTION=@@COLLATION_CONNECTION */;
/*!50503 SET NAMES utf8 */;
/*!40103 SET @OLD_TIME_ZONE=@@TIME_ZONE */;
/*!40103 SET TIME_ZONE='+00:00' */;
/*!40014 SET @OLD_UNIQUE_CHECKS=@@UNIQUE_CHECKS, UNIQUE_CHECKS=0 */;
/*!40014 SET @OLD_FOREIGN_KEY_CHECKS=@@FOREIGN_KEY_CHECKS, FOREIGN_KEY_CHECKS=0 */;
/*!40101 SET @OLD_SQL_MODE=@@SQL_MODE, SQL_MODE='NO_AUTO_VALUE_ON_ZERO' */;
/*!40111 SET @OLD_SQL_NOTES=@@SQL_NOTES, SQL_NOTES=0 */;

--
-- Table structure for table `accessories`
--

DROP TABLE IF EXISTS `accessories`;
/*!40101 SET @saved_cs_client     = @@character_set_client */;
/*!50503 SET character_set_client = utf8mb4 */;
CREATE TABLE `accessories` (
  `id` int NOT NULL AUTO_INCREMENT,
  `Devices Name` varchar(255) NOT NULL,
  `Price` varchar(255) NOT NULL,
  PRIMARY KEY (`id`)
) ENGINE=InnoDB AUTO_INCREMENT=1000 DEFAULT CHARSET=utf8mb3;
/*!40101 SET character_set_client = @saved_cs_client */;

--
-- Dumping data for table `accessories`
--

LOCK TABLES `accessories` WRITE;
/*!40000 ALTER TABLE `accessories` DISABLE KEYS */;
INSERT INTO `accessories` VALUES (1,'YEZZ 81J Чехол','550'),(2,'ONEPLUS 43B Чехол','500'),(3,'ONEPLUS 39F Защитное стекло','1950'),(4,'YEZZ Защитное стекло','1500'),(5,'O2 51F Защитное стекло','1345'),(6,'RAZER 8S Чехол','350'),(7,'YEZZ 48A Чехол','275'),(8,'QTEK 80Z Наушники','2000'),(9,'SEWON 40I Гарнитура','2999'),(10,'VERTU 61C Накладка','910'),(11,'',''),(12,'',''),(13,'',''),(14,'',''),(15,'',''),(16,'',''),(17,'',''),(18,'',''),(19,'',''),(20,'',''),(21,'',''),(22,'',''),(23,'',''),(24,'',''),(25,'',''),(26,'',''),(27,'',''),(28,'',''),(29,'',''),(30,'',''),(31,'',''),(32,'',''),(33,'',''),(34,'',''),(35,'',''),(36,'',''),(37,'',''),(38,'',''),(39,'',''),(40,'',''),(41,'',''),(42,'',''),(43,'',''),(44,'',''),(45,'',''),(46,'',''),(47,'',''),(48,'',''),(49,'',''),(50,'',''),(51,'',''),(52,'',''),(53,'',''),(54,'',''),(55,'',''),(56,'',''),(57,'',''),(58,'',''),(59,'',''),(60,'',''),(61,'',''),(62,'',''),(63,'',''),(64,'',''),(65,'',''),(66,'',''),(67,'',''),(68,'',''),(69,'',''),(70,'',''),(71,'',''),(72,'',''),(73,'',''),(74,'',''),(75,'',''),(76,'',''),(77,'',''),(78,'',''),(79,'',''),(80,'',''),(81,'',''),(82,'',''),(83,'',''),(84,'',''),(85,'',''),(86,'',''),(87,'',''),(88,'',''),(89,'',''),(90,'',''),(91,'',''),(92,'',''),(93,'',''),(94,'',''),(95,'',''),(96,'',''),(97,'',''),(98,'',''),(99,'',''),(100,'',''),(101,'',''),(102,'',''),(103,'',''),(104,'',''),(105,'',''),(106,'',''),(107,'',''),(108,'',''),(109,'',''),(110,'',''),(111,'',''),(112,'',''),(113,'',''),(114,'',''),(115,'',''),(116,'',''),(117,'',''),(118,'',''),(119,'',''),(120,'',''),(121,'',''),(122,'',''),(123,'',''),(124,'',''),(125,'',''),(126,'',''),(127,'',''),(128,'',''),(129,'',''),(130,'',''),(131,'',''),(132,'',''),(133,'',''),(134,'',''),(135,'',''),(136,'',''),(137,'',''),(138,'',''),(139,'',''),(140,'',''),(141,'',''),(142,'',''),(143,'',''),(144,'',''),(145,'',''),(146,'',''),(147,'',''),(148,'',''),(149,'',''),(150,'',''),(151,'',''),(152,'',''),(153,'',''),(154,'',''),(155,'',''),(156,'',''),(157,'',''),(158,'',''),(159,'',''),(160,'',''),(161,'',''),(162,'',''),(163,'',''),(164,'',''),(165,'',''),(166,'',''),(167,'',''),(168,'',''),(169,'',''),(170,'',''),(171,'',''),(172,'',''),(173,'',''),(174,'',''),(175,'',''),(176,'',''),(177,'',''),(178,'',''),(179,'',''),(180,'',''),(181,'',''),(182,'',''),(183,'',''),(184,'',''),(185,'',''),(186,'',''),(187,'',''),(188,'',''),(189,'',''),(190,'',''),(191,'',''),(192,'',''),(193,'',''),(194,'',''),(195,'',''),(196,'',''),(197,'',''),(198,'',''),(199,'',''),(200,'',''),(201,'',''),(202,'',''),(203,'',''),(204,'',''),(205,'',''),(206,'',''),(207,'',''),(208,'',''),(209,'',''),(210,'',''),(211,'',''),(212,'',''),(213,'',''),(214,'',''),(215,'',''),(216,'',''),(217,'',''),(218,'',''),(219,'',''),(220,'',''),(221,'',''),(222,'',''),(223,'',''),(224,'',''),(225,'',''),(226,'',''),(227,'',''),(228,'',''),(229,'',''),(230,'',''),(231,'',''),(232,'',''),(233,'',''),(234,'',''),(235,'',''),(236,'',''),(237,'',''),(238,'',''),(239,'',''),(240,'',''),(241,'',''),(242,'',''),(243,'',''),(244,'',''),(245,'',''),(246,'',''),(247,'',''),(248,'',''),(249,'',''),(250,'',''),(251,'',''),(252,'',''),(253,'',''),(254,'',''),(255,'',''),(256,'',''),(257,'',''),(258,'',''),(259,'',''),(260,'',''),(261,'',''),(262,'',''),(263,'',''),(264,'',''),(265,'',''),(266,'',''),(267,'',''),(268,'',''),(269,'',''),(270,'',''),(271,'',''),(272,'',''),(273,'',''),(274,'',''),(275,'',''),(276,'',''),(277,'',''),(278,'',''),(279,'',''),(280,'',''),(281,'',''),(282,'',''),(283,'',''),(284,'',''),(285,'',''),(286,'',''),(287,'',''),(288,'',''),(289,'',''),(290,'',''),(291,'',''),(292,'',''),(293,'',''),(294,'',''),(295,'',''),(296,'',''),(297,'',''),(298,'',''),(299,'',''),(300,'',''),(301,'',''),(302,'',''),(303,'',''),(304,'',''),(305,'',''),(306,'',''),(307,'',''),(308,'',''),(309,'',''),(310,'',''),(311,'',''),(312,'',''),(313,'',''),(314,'',''),(315,'',''),(316,'',''),(317,'',''),(318,'',''),(319,'',''),(320,'',''),(321,'',''),(322,'',''),(323,'',''),(324,'',''),(325,'',''),(326,'',''),(327,'',''),(328,'',''),(329,'',''),(330,'',''),(331,'',''),(332,'',''),(333,'',''),(334,'',''),(335,'',''),(336,'',''),(337,'',''),(338,'',''),(339,'',''),(340,'',''),(341,'',''),(342,'',''),(343,'',''),(344,'',''),(345,'',''),(346,'',''),(347,'',''),(348,'',''),(349,'',''),(350,'',''),(351,'',''),(352,'',''),(353,'',''),(354,'',''),(355,'',''),(356,'',''),(357,'',''),(358,'',''),(359,'',''),(360,'',''),(361,'',''),(362,'',''),(363,'',''),(364,'',''),(365,'',''),(366,'',''),(367,'',''),(368,'',''),(369,'',''),(370,'',''),(371,'',''),(372,'',''),(373,'',''),(374,'',''),(375,'',''),(376,'',''),(377,'',''),(378,'',''),(379,'',''),(380,'',''),(381,'',''),(382,'',''),(383,'',''),(384,'',''),(385,'',''),(386,'',''),(387,'',''),(388,'',''),(389,'',''),(390,'',''),(391,'',''),(392,'',''),(393,'',''),(394,'',''),(395,'',''),(396,'',''),(397,'',''),(398,'',''),(399,'',''),(400,'',''),(401,'',''),(402,'',''),(403,'',''),(404,'',''),(405,'',''),(406,'',''),(407,'',''),(408,'',''),(409,'',''),(410,'',''),(411,'',''),(412,'',''),(413,'',''),(414,'',''),(415,'',''),(416,'',''),(417,'',''),(418,'',''),(419,'',''),(420,'',''),(421,'',''),(422,'',''),(423,'',''),(424,'',''),(425,'',''),(426,'',''),(427,'',''),(428,'',''),(429,'',''),(430,'',''),(431,'',''),(432,'',''),(433,'',''),(434,'',''),(435,'',''),(436,'',''),(437,'',''),(438,'',''),(439,'',''),(440,'',''),(441,'',''),(442,'',''),(443,'',''),(444,'',''),(445,'',''),(446,'',''),(447,'',''),(448,'',''),(449,'',''),(450,'',''),(451,'',''),(452,'',''),(453,'',''),(454,'',''),(455,'',''),(456,'',''),(457,'',''),(458,'',''),(459,'',''),(460,'',''),(461,'',''),(462,'',''),(463,'',''),(464,'',''),(465,'',''),(466,'',''),(467,'',''),(468,'',''),(469,'',''),(470,'',''),(471,'',''),(472,'',''),(473,'',''),(474,'',''),(475,'',''),(476,'',''),(477,'',''),(478,'',''),(479,'',''),(480,'',''),(481,'',''),(482,'',''),(483,'',''),(484,'',''),(485,'',''),(486,'',''),(487,'',''),(488,'',''),(489,'',''),(490,'',''),(491,'',''),(492,'',''),(493,'',''),(494,'',''),(495,'',''),(496,'',''),(497,'',''),(498,'',''),(499,'',''),(500,'',''),(501,'',''),(502,'',''),(503,'',''),(504,'',''),(505,'',''),(506,'',''),(507,'',''),(508,'',''),(509,'',''),(510,'',''),(511,'',''),(512,'',''),(513,'',''),(514,'',''),(515,'',''),(516,'',''),(517,'',''),(518,'',''),(519,'',''),(520,'',''),(521,'',''),(522,'',''),(523,'',''),(524,'',''),(525,'',''),(526,'',''),(527,'',''),(528,'',''),(529,'',''),(530,'',''),(531,'',''),(532,'',''),(533,'',''),(534,'',''),(535,'',''),(536,'',''),(537,'',''),(538,'',''),(539,'',''),(540,'',''),(541,'',''),(542,'',''),(543,'',''),(544,'',''),(545,'',''),(546,'',''),(547,'',''),(548,'',''),(549,'',''),(550,'',''),(551,'',''),(552,'',''),(553,'',''),(554,'',''),(555,'',''),(556,'',''),(557,'',''),(558,'',''),(559,'',''),(560,'',''),(561,'',''),(562,'',''),(563,'',''),(564,'',''),(565,'',''),(566,'',''),(567,'',''),(568,'',''),(569,'',''),(570,'',''),(571,'',''),(572,'',''),(573,'',''),(574,'',''),(575,'',''),(576,'',''),(577,'',''),(578,'',''),(579,'',''),(580,'',''),(581,'',''),(582,'',''),(583,'',''),(584,'',''),(585,'',''),(586,'',''),(587,'',''),(588,'',''),(589,'',''),(590,'',''),(591,'',''),(592,'',''),(593,'',''),(594,'',''),(595,'',''),(596,'',''),(597,'',''),(598,'',''),(599,'',''),(600,'',''),(601,'',''),(602,'',''),(603,'',''),(604,'',''),(605,'',''),(606,'',''),(607,'',''),(608,'',''),(609,'',''),(610,'',''),(611,'',''),(612,'',''),(613,'',''),(614,'',''),(615,'',''),(616,'',''),(617,'',''),(618,'',''),(619,'',''),(620,'',''),(621,'',''),(622,'',''),(623,'',''),(624,'',''),(625,'',''),(626,'',''),(627,'',''),(628,'',''),(629,'',''),(630,'',''),(631,'',''),(632,'',''),(633,'',''),(634,'',''),(635,'',''),(636,'',''),(637,'',''),(638,'',''),(639,'',''),(640,'',''),(641,'',''),(642,'',''),(643,'',''),(644,'',''),(645,'',''),(646,'',''),(647,'',''),(648,'',''),(649,'',''),(650,'',''),(651,'',''),(652,'',''),(653,'',''),(654,'',''),(655,'',''),(656,'',''),(657,'',''),(658,'',''),(659,'',''),(660,'',''),(661,'',''),(662,'',''),(663,'',''),(664,'',''),(665,'',''),(666,'',''),(667,'',''),(668,'',''),(669,'',''),(670,'',''),(671,'',''),(672,'',''),(673,'',''),(674,'',''),(675,'',''),(676,'',''),(677,'',''),(678,'',''),(679,'',''),(680,'',''),(681,'',''),(682,'',''),(683,'',''),(684,'',''),(685,'',''),(686,'',''),(687,'',''),(688,'',''),(689,'',''),(690,'',''),(691,'',''),(692,'',''),(693,'',''),(694,'',''),(695,'',''),(696,'',''),(697,'',''),(698,'',''),(699,'',''),(700,'',''),(701,'',''),(702,'',''),(703,'',''),(704,'',''),(705,'',''),(706,'',''),(707,'',''),(708,'',''),(709,'',''),(710,'',''),(711,'',''),(712,'',''),(713,'',''),(714,'',''),(715,'',''),(716,'',''),(717,'',''),(718,'',''),(719,'',''),(720,'',''),(721,'',''),(722,'',''),(723,'',''),(724,'',''),(725,'',''),(726,'',''),(727,'',''),(728,'',''),(729,'',''),(730,'',''),(731,'',''),(732,'',''),(733,'',''),(734,'',''),(735,'',''),(736,'',''),(737,'',''),(738,'',''),(739,'',''),(740,'',''),(741,'',''),(742,'',''),(743,'',''),(744,'',''),(745,'',''),(746,'',''),(747,'',''),(748,'',''),(749,'',''),(750,'',''),(751,'',''),(752,'',''),(753,'',''),(754,'',''),(755,'',''),(756,'',''),(757,'',''),(758,'',''),(759,'',''),(760,'',''),(761,'',''),(762,'',''),(763,'',''),(764,'',''),(765,'',''),(766,'',''),(767,'',''),(768,'',''),(769,'',''),(770,'',''),(771,'',''),(772,'',''),(773,'',''),(774,'',''),(775,'',''),(776,'',''),(777,'',''),(778,'',''),(779,'',''),(780,'',''),(781,'',''),(782,'',''),(783,'',''),(784,'',''),(785,'',''),(786,'',''),(787,'',''),(788,'',''),(789,'',''),(790,'',''),(791,'',''),(792,'',''),(793,'',''),(794,'',''),(795,'',''),(796,'',''),(797,'',''),(798,'',''),(799,'',''),(800,'',''),(801,'',''),(802,'',''),(803,'',''),(804,'',''),(805,'',''),(806,'',''),(807,'',''),(808,'',''),(809,'',''),(810,'',''),(811,'',''),(812,'',''),(813,'',''),(814,'',''),(815,'',''),(816,'',''),(817,'',''),(818,'',''),(819,'',''),(820,'',''),(821,'',''),(822,'',''),(823,'',''),(824,'',''),(825,'',''),(826,'',''),(827,'',''),(828,'',''),(829,'',''),(830,'',''),(831,'',''),(832,'',''),(833,'',''),(834,'',''),(835,'',''),(836,'',''),(837,'',''),(838,'',''),(839,'',''),(840,'',''),(841,'',''),(842,'',''),(843,'',''),(844,'',''),(845,'',''),(846,'',''),(847,'',''),(848,'',''),(849,'',''),(850,'',''),(851,'',''),(852,'',''),(853,'',''),(854,'',''),(855,'',''),(856,'',''),(857,'',''),(858,'',''),(859,'',''),(860,'',''),(861,'',''),(862,'',''),(863,'',''),(864,'',''),(865,'',''),(866,'',''),(867,'',''),(868,'',''),(869,'',''),(870,'',''),(871,'',''),(872,'',''),(873,'',''),(874,'',''),(875,'',''),(876,'',''),(877,'',''),(878,'',''),(879,'',''),(880,'',''),(881,'',''),(882,'',''),(883,'',''),(884,'',''),(885,'',''),(886,'',''),(887,'',''),(888,'',''),(889,'',''),(890,'',''),(891,'',''),(892,'',''),(893,'',''),(894,'',''),(895,'',''),(896,'',''),(897,'',''),(898,'',''),(899,'',''),(900,'',''),(901,'',''),(902,'',''),(903,'',''),(904,'',''),(905,'',''),(906,'',''),(907,'',''),(908,'',''),(909,'',''),(910,'',''),(911,'',''),(912,'',''),(913,'',''),(914,'',''),(915,'',''),(916,'',''),(917,'',''),(918,'',''),(919,'',''),(920,'',''),(921,'',''),(922,'',''),(923,'',''),(924,'',''),(925,'',''),(926,'',''),(927,'',''),(928,'',''),(929,'',''),(930,'',''),(931,'',''),(932,'',''),(933,'',''),(934,'',''),(935,'',''),(936,'',''),(937,'',''),(938,'',''),(939,'',''),(940,'',''),(941,'',''),(942,'',''),(943,'',''),(944,'',''),(945,'',''),(946,'',''),(947,'',''),(948,'',''),(949,'',''),(950,'',''),(951,'',''),(952,'',''),(953,'',''),(954,'',''),(955,'',''),(956,'',''),(957,'',''),(958,'',''),(959,'',''),(960,'',''),(961,'',''),(962,'',''),(963,'',''),(964,'',''),(965,'',''),(966,'',''),(967,'',''),(968,'',''),(969,'',''),(970,'',''),(971,'',''),(972,'',''),(973,'',''),(974,'',''),(975,'',''),(976,'',''),(977,'',''),(978,'',''),(979,'',''),(980,'',''),(981,'',''),(982,'',''),(983,'',''),(984,'',''),(985,'',''),(986,'',''),(987,'',''),(988,'',''),(989,'',''),(990,'',''),(991,'',''),(992,'',''),(993,'',''),(994,'',''),(995,'',''),(996,'',''),(997,'',''),(998,'',''),(999,'','');
/*!40000 ALTER TABLE `accessories` ENABLE KEYS */;
UNLOCK TABLES;

--
-- Table structure for table `clients`
--

DROP TABLE IF EXISTS `clients`;
/*!40101 SET @saved_cs_client     = @@character_set_client */;
/*!50503 SET character_set_client = utf8mb4 */;
CREATE TABLE `clients` (
  `id` int NOT NULL AUTO_INCREMENT,
  `FullName` varchar(255) NOT NULL,
  `Tel. Number` varchar(255) NOT NULL,
  PRIMARY KEY (`id`)
) ENGINE=InnoDB AUTO_INCREMENT=51 DEFAULT CHARSET=utf8mb3;
/*!40101 SET character_set_client = @saved_cs_client */;

--
-- Dumping data for table `clients`
--

LOCK TABLES `clients` WRITE;
/*!40000 ALTER TABLE `clients` DISABLE KEYS */;
INSERT INTO `clients` VALUES (1,'Антонина Федоров Беляев','+78816636981'),(2,'Максим Лихачева Белоусов','+71177253590'),(3,'Константин Дроздов Тихонов','+75532168361'),(4,'Юрий Фролова Сазонова','+76652069850'),(5,'Евгений Доронина Шилова','+71275474881'),(6,'Ульяна Васильева Шарапов','+76546534056'),(7,'Алексей Новиков Устинов','+73834615106'),(8,'Раиса Виноградова Князева','+72088894644'),(9,'Артём Кондратьева Захаров','+74398397290'),(10,'Вера Галкина Шарапов','+74011148580'),(11,'Василиса Лебедева Андреева','+78631811610'),(12,'Кира Сергеев Калинина','+76076905780'),(13,'Виталий Наумова Рябова','+74089226450'),(14,'Николай Зайцева Мельникова','+75636926938'),(15,'Владимир Родионова Лихачев','+73757710428'),(16,'София Романова Горбунова','+77893109006'),(17,'Любовь Зиновьева Пестов','+73796193306'),(18,'Римма Нестеров Одинцова','+78075378911'),(19,'Максим Жукова Сазонов','+71067763811'),(20,'Валерия Панфилова Суворов','+76501112972'),(21,'Евгений Самойлова Тетерина','+79036715250'),(22,'Варвара Калинин Блинов','+77066574389'),(23,'Григорий Киселев Михеев','+75403870988'),(24,'Ульяна Колобова Дементьева','+78471427238'),(25,'Валентина Фролова Миронов','+79919821722'),(26,'Варвара Титов Гаврилова','+73622639735'),(27,'Игнатий Шубин Федосеева','+72149112881'),(28,'Юрий Костина Орлов','+74585569226'),(29,'Николай Лихачева Шаров','+72150840802'),(30,'Алексей Ершова Ларионова','+77484779248'),(31,'Ульяна Виноградова Мухин','+71521365039'),(32,'Римма Ермаков Устинов','+75180268394'),(33,'Арсений Трофимова Калашникова','+71230319600'),(34,'Максим Туров Самсонов','+74694503441'),(35,'Антонида Исаев Горбачев','+78106229232'),(36,'Татьяна Жукова Зиновьева','+75139382270'),(37,'Александра Ширяева Уваров','+73055735704'),(38,'Нина Логинова Николаев','+77203687220'),(39,'Анатолий Жукова Дмитриева','+74117355159'),(40,'Римма Ефремова Кондратьев','+76221232697'),(41,'Анастасия Бурова Карпов','+78207505385'),(42,'Елизавета Стрелкова Воронцов','+74895133853'),(43,'Станислав Филатов Ефремов','+72770686857'),(44,'Антон Тихонова Зыкова','+78042726980'),(45,'Анфиса Жукова Воробьева','+76114270000'),(46,'Виктория Медведев Савельев','+78737140887'),(47,'Евгений Герасимова Пестов','+71039613303'),(48,'Иван Ситников Кулакова','+75020871195'),(49,'Сергей Колесникова Зайцева','+77471061064'),(50,'Юлия Белозерова Жукова','+71959566820');
/*!40000 ALTER TABLE `clients` ENABLE KEYS */;
UNLOCK TABLES;

--
-- Table structure for table `devices_brands`
--

DROP TABLE IF EXISTS `devices_brands`;
/*!40101 SET @saved_cs_client     = @@character_set_client */;
/*!50503 SET character_set_client = utf8mb4 */;
CREATE TABLE `devices_brands` (
  `id` int NOT NULL AUTO_INCREMENT,
  `Devices Brands` varchar(255) NOT NULL,
  `peps` varchar(255) DEFAULT NULL,
  PRIMARY KEY (`id`)
) ENGINE=InnoDB AUTO_INCREMENT=1000 DEFAULT CHARSET=utf8mb3;
/*!40101 SET character_set_client = @saved_cs_client */;

--
-- Dumping data for table `devices_brands`
--

LOCK TABLES `devices_brands` WRITE;
/*!40000 ALTER TABLE `devices_brands` DISABLE KEYS */;
INSERT INTO `devices_brands` VALUES (1,'YEZZ','ale'),(2,'O2',''),(3,'RAZER',''),(4,'QTEK',''),(5,'GARMIN-ASUS',''),(6,'VERTU',''),(7,'CHEA',''),(8,'SEWON',''),(9,'INNOSTREAM',''),(10,'ONEPLUS',''),(11,'MICROMAX',''),(12,'BLU',''),(13,'BENEFON',''),(14,'PALM',''),(15,'XIAOMI',''),(16,'KYOCERA',''),(17,'SPICE',''),(18,'SENDO',''),(19,'ALLVIEW',''),(20,'ICEMOBILE',''),(21,'TECNO',''),(22,'PRESTIGIO',''),(23,'ARCHOS',''),(24,'LEECO',''),(25,'APPLE',''),(26,'SONY ERICSSON',''),(27,'WND',''),(28,'NVIDIA',''),(29,'TELIT',''),(30,'VK MOBILE',''),(31,'VODAFONE',''),(32,'ULEFONE',''),(33,'XOLO',''),(34,'PLUM',''),(35,'COOLPAD',''),(36,'BENQ-SIEMENS',''),(37,'INTEX',''),(38,'BOSCH',''),(39,'REALME',''),(40,'THURAYA',''),(41,'HUAWEI',''),(42,'T-MOBILE',''),(43,'DOOGEE',''),(44,'BENQ',''),(45,'SAGEM',''),(46,'ENERGIZER',''),(47,'BLACKVIEW',''),(48,'TCL',''),(49,'LAVA',''),(50,'NIU',''),(51,'',''),(52,'',''),(53,'',''),(54,'',''),(55,'',''),(56,'',''),(57,'',''),(58,'',''),(59,'',''),(60,'',''),(61,'',''),(62,'',''),(63,'',''),(64,'',''),(65,'',''),(66,'',''),(67,'',''),(68,'',''),(69,'',''),(70,'',''),(71,'',''),(72,'',''),(73,'',''),(74,'',''),(75,'',''),(76,'',''),(77,'',''),(78,'',''),(79,'',''),(80,'',''),(81,'',''),(82,'',''),(83,'',''),(84,'',''),(85,'',''),(86,'',''),(87,'',''),(88,'',''),(89,'',''),(90,'',''),(91,'',''),(92,'',''),(93,'',''),(94,'',''),(95,'',''),(96,'',''),(97,'',''),(98,'',''),(99,'',''),(100,'',''),(101,'',''),(102,'',''),(103,'',''),(104,'',''),(105,'',''),(106,'',''),(107,'',''),(108,'',''),(109,'',''),(110,'',''),(111,'',''),(112,'',''),(113,'',''),(114,'',''),(115,'',''),(116,'',''),(117,'',''),(118,'',''),(119,'',''),(120,'',''),(121,'',''),(122,'',''),(123,'',''),(124,'',''),(125,'',''),(126,'',''),(127,'',''),(128,'',''),(129,'',''),(130,'',''),(131,'',''),(132,'',''),(133,'',''),(134,'',''),(135,'',''),(136,'',''),(137,'',''),(138,'',''),(139,'',''),(140,'',''),(141,'',''),(142,'',''),(143,'',''),(144,'',''),(145,'',''),(146,'',''),(147,'',''),(148,'',''),(149,'',''),(150,'',''),(151,'',''),(152,'',''),(153,'',''),(154,'',''),(155,'',''),(156,'',''),(157,'',''),(158,'',''),(159,'',''),(160,'',''),(161,'',''),(162,'',''),(163,'',''),(164,'',''),(165,'',''),(166,'',''),(167,'',''),(168,'',''),(169,'',''),(170,'',''),(171,'',''),(172,'',''),(173,'',''),(174,'',''),(175,'',''),(176,'',''),(177,'',''),(178,'',''),(179,'',''),(180,'',''),(181,'',''),(182,'',''),(183,'',''),(184,'',''),(185,'',''),(186,'',''),(187,'',''),(188,'',''),(189,'',''),(190,'',''),(191,'',''),(192,'',''),(193,'',''),(194,'',''),(195,'',''),(196,'',''),(197,'',''),(198,'',''),(199,'',''),(200,'',''),(201,'',''),(202,'',''),(203,'',''),(204,'',''),(205,'',''),(206,'',''),(207,'',''),(208,'',''),(209,'',''),(210,'',''),(211,'',''),(212,'',''),(213,'',''),(214,'',''),(215,'',''),(216,'',''),(217,'',''),(218,'',''),(219,'',''),(220,'',''),(221,'',''),(222,'',''),(223,'',''),(224,'',''),(225,'',''),(226,'',''),(227,'',''),(228,'',''),(229,'',''),(230,'',''),(231,'',''),(232,'',''),(233,'',''),(234,'',''),(235,'',''),(236,'',''),(237,'',''),(238,'',''),(239,'',''),(240,'',''),(241,'',''),(242,'',''),(243,'',''),(244,'',''),(245,'',''),(246,'',''),(247,'',''),(248,'',''),(249,'',''),(250,'',''),(251,'',''),(252,'',''),(253,'',''),(254,'',''),(255,'',''),(256,'',''),(257,'',''),(258,'',''),(259,'',''),(260,'',''),(261,'',''),(262,'',''),(263,'',''),(264,'',''),(265,'',''),(266,'',''),(267,'',''),(268,'',''),(269,'',''),(270,'',''),(271,'',''),(272,'',''),(273,'',''),(274,'',''),(275,'',''),(276,'',''),(277,'',''),(278,'',''),(279,'',''),(280,'',''),(281,'',''),(282,'',''),(283,'',''),(284,'',''),(285,'',''),(286,'',''),(287,'',''),(288,'',''),(289,'',''),(290,'',''),(291,'',''),(292,'',''),(293,'',''),(294,'',''),(295,'',''),(296,'',''),(297,'',''),(298,'',''),(299,'',''),(300,'',''),(301,'',''),(302,'',''),(303,'',''),(304,'',''),(305,'',''),(306,'',''),(307,'',''),(308,'',''),(309,'',''),(310,'',''),(311,'',''),(312,'',''),(313,'',''),(314,'',''),(315,'',''),(316,'',''),(317,'',''),(318,'',''),(319,'',''),(320,'',''),(321,'',''),(322,'',''),(323,'',''),(324,'',''),(325,'',''),(326,'',''),(327,'',''),(328,'',''),(329,'',''),(330,'',''),(331,'',''),(332,'',''),(333,'',''),(334,'',''),(335,'',''),(336,'',''),(337,'',''),(338,'',''),(339,'',''),(340,'',''),(341,'',''),(342,'',''),(343,'',''),(344,'',''),(345,'',''),(346,'',''),(347,'',''),(348,'',''),(349,'',''),(350,'',''),(351,'',''),(352,'',''),(353,'',''),(354,'',''),(355,'',''),(356,'',''),(357,'',''),(358,'',''),(359,'',''),(360,'',''),(361,'',''),(362,'',''),(363,'',''),(364,'',''),(365,'',''),(366,'',''),(367,'',''),(368,'',''),(369,'',''),(370,'',''),(371,'',''),(372,'',''),(373,'',''),(374,'',''),(375,'',''),(376,'',''),(377,'',''),(378,'',''),(379,'',''),(380,'',''),(381,'',''),(382,'',''),(383,'',''),(384,'',''),(385,'',''),(386,'',''),(387,'',''),(388,'',''),(389,'',''),(390,'',''),(391,'',''),(392,'',''),(393,'',''),(394,'',''),(395,'',''),(396,'',''),(397,'',''),(398,'',''),(399,'',''),(400,'',''),(401,'',''),(402,'',''),(403,'',''),(404,'',''),(405,'',''),(406,'',''),(407,'',''),(408,'',''),(409,'',''),(410,'',''),(411,'',''),(412,'',''),(413,'',''),(414,'',''),(415,'',''),(416,'',''),(417,'',''),(418,'',''),(419,'',''),(420,'',''),(421,'',''),(422,'',''),(423,'',''),(424,'',''),(425,'',''),(426,'',''),(427,'',''),(428,'',''),(429,'',''),(430,'',''),(431,'',''),(432,'',''),(433,'',''),(434,'',''),(435,'',''),(436,'',''),(437,'',''),(438,'',''),(439,'',''),(440,'',''),(441,'',''),(442,'',''),(443,'',''),(444,'',''),(445,'',''),(446,'',''),(447,'',''),(448,'',''),(449,'',''),(450,'',''),(451,'',''),(452,'',''),(453,'',''),(454,'',''),(455,'',''),(456,'',''),(457,'',''),(458,'',''),(459,'',''),(460,'',''),(461,'',''),(462,'',''),(463,'',''),(464,'',''),(465,'',''),(466,'',''),(467,'',''),(468,'',''),(469,'',''),(470,'',''),(471,'',''),(472,'',''),(473,'',''),(474,'',''),(475,'',''),(476,'',''),(477,'',''),(478,'',''),(479,'',''),(480,'',''),(481,'',''),(482,'',''),(483,'',''),(484,'',''),(485,'',''),(486,'',''),(487,'',''),(488,'',''),(489,'',''),(490,'',''),(491,'',''),(492,'',''),(493,'',''),(494,'',''),(495,'',''),(496,'',''),(497,'',''),(498,'',''),(499,'',''),(500,'',''),(501,'',''),(502,'',''),(503,'',''),(504,'',''),(505,'',''),(506,'',''),(507,'',''),(508,'',''),(509,'',''),(510,'',''),(511,'',''),(512,'',''),(513,'',''),(514,'',''),(515,'',''),(516,'',''),(517,'',''),(518,'',''),(519,'',''),(520,'',''),(521,'',''),(522,'',''),(523,'',''),(524,'',''),(525,'',''),(526,'',''),(527,'',''),(528,'',''),(529,'',''),(530,'',''),(531,'',''),(532,'',''),(533,'',''),(534,'',''),(535,'',''),(536,'',''),(537,'',''),(538,'',''),(539,'',''),(540,'',''),(541,'',''),(542,'',''),(543,'',''),(544,'',''),(545,'',''),(546,'',''),(547,'',''),(548,'',''),(549,'',''),(550,'',''),(551,'',''),(552,'',''),(553,'',''),(554,'',''),(555,'',''),(556,'',''),(557,'',''),(558,'',''),(559,'',''),(560,'',''),(561,'',''),(562,'',''),(563,'',''),(564,'',''),(565,'',''),(566,'',''),(567,'',''),(568,'',''),(569,'',''),(570,'',''),(571,'',''),(572,'',''),(573,'',''),(574,'',''),(575,'',''),(576,'',''),(577,'',''),(578,'',''),(579,'',''),(580,'',''),(581,'',''),(582,'',''),(583,'',''),(584,'',''),(585,'',''),(586,'',''),(587,'',''),(588,'',''),(589,'',''),(590,'',''),(591,'',''),(592,'',''),(593,'',''),(594,'',''),(595,'',''),(596,'',''),(597,'',''),(598,'',''),(599,'',''),(600,'',''),(601,'',''),(602,'',''),(603,'',''),(604,'',''),(605,'',''),(606,'',''),(607,'',''),(608,'',''),(609,'',''),(610,'',''),(611,'',''),(612,'',''),(613,'',''),(614,'',''),(615,'',''),(616,'',''),(617,'',''),(618,'',''),(619,'',''),(620,'',''),(621,'',''),(622,'',''),(623,'',''),(624,'',''),(625,'',''),(626,'',''),(627,'',''),(628,'',''),(629,'',''),(630,'',''),(631,'',''),(632,'',''),(633,'',''),(634,'',''),(635,'',''),(636,'',''),(637,'',''),(638,'',''),(639,'',''),(640,'',''),(641,'',''),(642,'',''),(643,'',''),(644,'',''),(645,'',''),(646,'',''),(647,'',''),(648,'',''),(649,'',''),(650,'',''),(651,'',''),(652,'',''),(653,'',''),(654,'',''),(655,'',''),(656,'',''),(657,'',''),(658,'',''),(659,'',''),(660,'',''),(661,'',''),(662,'',''),(663,'',''),(664,'',''),(665,'',''),(666,'',''),(667,'',''),(668,'',''),(669,'',''),(670,'',''),(671,'',''),(672,'',''),(673,'',''),(674,'',''),(675,'',''),(676,'',''),(677,'',''),(678,'',''),(679,'',''),(680,'',''),(681,'',''),(682,'',''),(683,'',''),(684,'',''),(685,'',''),(686,'',''),(687,'',''),(688,'',''),(689,'',''),(690,'',''),(691,'',''),(692,'',''),(693,'',''),(694,'',''),(695,'',''),(696,'',''),(697,'',''),(698,'',''),(699,'',''),(700,'',''),(701,'',''),(702,'',''),(703,'',''),(704,'',''),(705,'',''),(706,'',''),(707,'',''),(708,'',''),(709,'',''),(710,'',''),(711,'',''),(712,'',''),(713,'',''),(714,'',''),(715,'',''),(716,'',''),(717,'',''),(718,'',''),(719,'',''),(720,'',''),(721,'',''),(722,'',''),(723,'',''),(724,'',''),(725,'',''),(726,'',''),(727,'',''),(728,'',''),(729,'',''),(730,'',''),(731,'',''),(732,'',''),(733,'',''),(734,'',''),(735,'',''),(736,'',''),(737,'',''),(738,'',''),(739,'',''),(740,'',''),(741,'',''),(742,'',''),(743,'',''),(744,'',''),(745,'',''),(746,'',''),(747,'',''),(748,'',''),(749,'',''),(750,'',''),(751,'',''),(752,'',''),(753,'',''),(754,'',''),(755,'',''),(756,'',''),(757,'',''),(758,'',''),(759,'',''),(760,'',''),(761,'',''),(762,'',''),(763,'',''),(764,'',''),(765,'',''),(766,'',''),(767,'',''),(768,'',''),(769,'',''),(770,'',''),(771,'',''),(772,'',''),(773,'',''),(774,'',''),(775,'',''),(776,'',''),(777,'',''),(778,'',''),(779,'',''),(780,'',''),(781,'',''),(782,'',''),(783,'',''),(784,'',''),(785,'',''),(786,'',''),(787,'',''),(788,'',''),(789,'',''),(790,'',''),(791,'',''),(792,'',''),(793,'',''),(794,'',''),(795,'',''),(796,'',''),(797,'',''),(798,'',''),(799,'',''),(800,'',''),(801,'',''),(802,'',''),(803,'',''),(804,'',''),(805,'',''),(806,'',''),(807,'',''),(808,'',''),(809,'',''),(810,'',''),(811,'',''),(812,'',''),(813,'',''),(814,'',''),(815,'',''),(816,'',''),(817,'',''),(818,'',''),(819,'',''),(820,'',''),(821,'',''),(822,'',''),(823,'',''),(824,'',''),(825,'',''),(826,'',''),(827,'',''),(828,'',''),(829,'',''),(830,'',''),(831,'',''),(832,'',''),(833,'',''),(834,'',''),(835,'',''),(836,'',''),(837,'',''),(838,'',''),(839,'',''),(840,'',''),(841,'',''),(842,'',''),(843,'',''),(844,'',''),(845,'',''),(846,'',''),(847,'',''),(848,'',''),(849,'',''),(850,'',''),(851,'',''),(852,'',''),(853,'',''),(854,'',''),(855,'',''),(856,'',''),(857,'',''),(858,'',''),(859,'',''),(860,'',''),(861,'',''),(862,'',''),(863,'',''),(864,'',''),(865,'',''),(866,'',''),(867,'',''),(868,'',''),(869,'',''),(870,'',''),(871,'',''),(872,'',''),(873,'',''),(874,'',''),(875,'',''),(876,'',''),(877,'',''),(878,'',''),(879,'',''),(880,'',''),(881,'',''),(882,'',''),(883,'',''),(884,'',''),(885,'',''),(886,'',''),(887,'',''),(888,'',''),(889,'',''),(890,'',''),(891,'',''),(892,'',''),(893,'',''),(894,'',''),(895,'',''),(896,'',''),(897,'',''),(898,'',''),(899,'',''),(900,'',''),(901,'',''),(902,'',''),(903,'',''),(904,'',''),(905,'',''),(906,'',''),(907,'',''),(908,'',''),(909,'',''),(910,'',''),(911,'',''),(912,'',''),(913,'',''),(914,'',''),(915,'',''),(916,'',''),(917,'',''),(918,'',''),(919,'',''),(920,'',''),(921,'',''),(922,'',''),(923,'',''),(924,'',''),(925,'',''),(926,'',''),(927,'',''),(928,'',''),(929,'',''),(930,'',''),(931,'',''),(932,'',''),(933,'',''),(934,'',''),(935,'',''),(936,'',''),(937,'',''),(938,'',''),(939,'',''),(940,'',''),(941,'',''),(942,'',''),(943,'',''),(944,'',''),(945,'',''),(946,'',''),(947,'',''),(948,'',''),(949,'',''),(950,'',''),(951,'',''),(952,'',''),(953,'',''),(954,'',''),(955,'',''),(956,'',''),(957,'',''),(958,'',''),(959,'',''),(960,'',''),(961,'',''),(962,'',''),(963,'',''),(964,'',''),(965,'',''),(966,'',''),(967,'',''),(968,'',''),(969,'',''),(970,'',''),(971,'',''),(972,'',''),(973,'',''),(974,'',''),(975,'',''),(976,'',''),(977,'',''),(978,'',''),(979,'',''),(980,'',''),(981,'',''),(982,'',''),(983,'',''),(984,'',''),(985,'',''),(986,'',''),(987,'',''),(988,'',''),(989,'',''),(990,'',''),(991,'',''),(992,'',''),(993,'',''),(994,'',''),(995,'',''),(996,'',''),(997,'',''),(998,'',''),(999,'','');
/*!40000 ALTER TABLE `devices_brands` ENABLE KEYS */;
UNLOCK TABLES;

--
-- Table structure for table `devices_types`
--

DROP TABLE IF EXISTS `devices_types`;
/*!40101 SET @saved_cs_client     = @@character_set_client */;
/*!50503 SET character_set_client = utf8mb4 */;
CREATE TABLE `devices_types` (
  `id` int NOT NULL AUTO_INCREMENT,
  `Devices Types` varchar(255) DEFAULT NULL,
  `Description` varchar(255) DEFAULT NULL,
  `devices_brands_id` int NOT NULL,
  `accessories_id` int NOT NULL,
  `clients_id` int NOT NULL,
  `orders_id` int NOT NULL,
  PRIMARY KEY (`id`),
  KEY `fk_devices_types_devices_brands_idx` (`devices_brands_id`),
  KEY `fk_devices_types_accessories1_idx` (`accessories_id`),
  KEY `fk_devices_types_clients1_idx` (`clients_id`),
  KEY `fk_devices_types_orders1_idx` (`orders_id`),
  CONSTRAINT `fk_devices_types_accessories1` FOREIGN KEY (`accessories_id`) REFERENCES `accessories` (`id`),
  CONSTRAINT `fk_devices_types_clients1` FOREIGN KEY (`clients_id`) REFERENCES `clients` (`id`),
  CONSTRAINT `fk_devices_types_devices_brands` FOREIGN KEY (`devices_brands_id`) REFERENCES `devices_brands` (`id`),
  CONSTRAINT `fk_devices_types_orders1` FOREIGN KEY (`orders_id`) REFERENCES `orders` (`id`)
) ENGINE=InnoDB DEFAULT CHARSET=utf8mb3;
/*!40101 SET character_set_client = @saved_cs_client */;

--
-- Dumping data for table `devices_types`
--

LOCK TABLES `devices_types` WRITE;
/*!40000 ALTER TABLE `devices_types` DISABLE KEYS */;
/*!40000 ALTER TABLE `devices_types` ENABLE KEYS */;
UNLOCK TABLES;

--
-- Table structure for table `orders`
--

DROP TABLE IF EXISTS `orders`;
/*!40101 SET @saved_cs_client     = @@character_set_client */;
/*!50503 SET character_set_client = utf8mb4 */;
CREATE TABLE `orders` (
  `id` int NOT NULL AUTO_INCREMENT,
  `Order ID` varchar(255) NOT NULL,
  `Date` varchar(255) NOT NULL,
  `Client ID` varchar(255) NOT NULL,
  `Price` varchar(255) NOT NULL,
  `Status` varchar(255) NOT NULL,
  `Service` varchar(255) NOT NULL,
  `Master` varchar(255) NOT NULL,
  `Description` varchar(255) NOT NULL,
  PRIMARY KEY (`id`)
) ENGINE=InnoDB AUTO_INCREMENT=1000 DEFAULT CHARSET=utf8mb3;
/*!40101 SET character_set_client = @saved_cs_client */;

--
-- Dumping data for table `orders`
--

LOCK TABLES `orders` WRITE;
/*!40000 ALTER TABLE `orders` DISABLE KEYS */;
INSERT INTO `orders` VALUES (1,'1','15.10.2022','15','9008','Done','Diagnose','Любовь Муравьев Горбачев','Устройство не включается'),(2,'2','19.10.2020','17','16643','Accepted','Repair','Артём Пестов Моисеев','Отдали в ремонт с поломкой по гарантии'),(3,'3','11.03.2021','38','34493','Done','Repair','Алина Ершова Михеева','Постгарантийный ремонт'),(4,'4','30.07.2021','23','7544','Working On','Repair','Денис Колесникова Галкина','Не работает экран, диагностика показала необходимость замены'),(5,'5','14.09.2021','41','55172','Rejected','Repair','Анатолий Колобов Гордеева','Откололась часть корпуса'),(6,'6','10.01.2022','46','84009','Working On','Repair','Раиса Дорофеев Горбунова','Отдали в ремонт с поломкой по гарантии'),(7,'7','30.05.2022','50','81722','Done','Diagnose','Вера Бобылев Ефимов','Устройство отключается после включения'),(8,'8','30.12.2020','41','34220','Working On','Repair','Степан Дорофеев Крылова','Постгарантийный ремонт'),(9,'9','04.12.2021','32','15157','Working On','Diagnose','Денис Александров Волков','Устройство перестает работать после 5-ти минут'),(10,'10','26.04.2020','49','30652','Working On','Cleaning','Юрий Тимофеев Носов','Пеередали устройство на чистку'),(11,'11','03.05.2021','49','72042','Accepted','Cleaning','Светлана Лапин Лобанова','Пеередали устройство на чистку'),(12,'12','26.12.2021','13','83981','Working On','Diagnose','Екатерина Фомин Егоров','Устройство не включается'),(13,'13','17.06.2020','40','69123','Accepted','Diagnose','Анастасия Анисимов Гаврилов','Устройство отключается после включения'),(14,'14','27.04.2022','14','41171','Done','Repair','Евгения Громова Кудрявцев','Не работает экран, диагностика показала необходимость замены'),(15,'15','27.02.2021','10','74390','Done','Repair','Римма Щербакова Журавлев','Откололась часть корпуса'),(16,'16','26.10.2022','38','48202','Working On','Cleaning','Владимир Некрасова Меркушева','Пеередали устройство на чистку'),(17,'17','26.06.2022','7','39052','Working On','Diagnose','Анжела Максимов Коновалов','Устройство перестает работать после 5-ти минут'),(18,'18','24.10.2022','43','88636','Done','Diagnose','Евгений Якушева Афанасьева','Устройство не включается'),(19,'19','09.05.2021','41','87995','Done','Cleaning','Анжела Полякова Киселева','Пеередали устройство на чистку'),(20,'20','13.07.2022','35','81110','Done','Diagnose','Надежда Носова Дроздов','Устройство отключается после включения'),(21,'21','13.05.2021','28','67103','Accepted','Repair','Василиса Евсеев Логинова','Отдали в ремонт с поломкой по гарантии'),(22,'22','02.09.2022','32','94357','Accepted','Cleaning','Константин Одинцов Терентьев','Пеередали устройство на чистку'),(23,'23','07.01.2022','5','34875','Accepted','Diagnose','Ангелина Михайлов Щукин','Устройство перестает работать после 5-ти минут'),(24,'24','04.06.2020','18','99608','Working On','Repair','Римма Куликова Капустин','Постгарантийный ремонт'),(25,'25','07.07.2021','36','69315','Accepted','Repair','Николай Анисимова Тетерин','Не работает экран, диагностика показала необходимость замены'),(26,'26','12.05.2022','4','17147','Rejected','Repair','Фёдор Третьяков Дорофеев','Откололась часть корпуса'),(27,'27','17.09.2020','42','27774','Done','Cleaning','Лариса Куликов Воробьева','Пеередали устройство на чистку'),(28,'28','02.07.2022','32','28102','Done','Cleaning','Татьяна Ильин Громов','Пеередали устройство на чистку'),(29,'29','31.05.2020','46','52490','Accepted','Diagnose','Оксана Цветков Дорофеев','Устройство не включается'),(30,'30','30.01.2021','28','57556','Done','Cleaning','Лаврентий Шашков Зиновьев','Пеередали устройство на чистку'),(31,'31','14.08.2020','31','53529','Working On','Cleaning','Ольга Субботина Казаков','Пеередали устройство на чистку'),(32,'32','06.01.2022','3','84756','Working On','Repair','Мария Князев Владимирова','Отдали в ремонт с поломкой по гарантии'),(33,'33','30.03.2022','39','74116','Rejected','Cleaning','Анжела Щербакова Лукина','Пеередали устройство на чистку'),(34,'34','08.04.2020','18','55861','Accepted','Repair','Денис Мартынов Суворов','Постгарантийный ремонт'),(35,'35','14.03.2022','17','58728','Accepted','Diagnose','Григорий Устинов Виноградова','Устройство отключается после включения'),(36,'36','03.05.2021','33','31343','Working On','Diagnose','Константин Воробьев Тетерина','Устройство перестает работать после 5-ти минут'),(37,'37','31.10.2022','16','54352','Accepted','Cleaning','Виктория Тарасова Лыткина','Пеередали устройство на чистку'),(38,'38','30.12.2022','18','20454','Working On','Repair','Александра Дементьев Козлов','Не работает экран, диагностика показала необходимость замены'),(39,'39','16.01.2021','45','30562','Accepted','Diagnose','Любовь Аксенов Шестакова','Устройство не включается'),(40,'40','27.03.2020','31','18315','Done','Repair','Матвей Васильева Кулагина','Откололась часть корпуса'),(41,'41','25.02.2020','33','78511','Rejected','Cleaning','Станислав Пестова Сергеев','Пеередали устройство на чистку'),(42,'42','27.03.2022','16','60389','Done','Repair','Семён Морозов Кузьмин','Отдали в ремонт с поломкой по гарантии'),(43,'43','20.08.2020','13','42384','Done','Cleaning','Лука Фомина Щербакова','Пеередали устройство на чистку'),(44,'44','03.11.2020','46','40560','Done','Cleaning','Игорь Прохоров Евсеев','Пеередали устройство на чистку'),(45,'45','18.03.2021','20','47108','Done','Cleaning','Борис Юдина Ситникова','Пеередали устройство на чистку'),(46,'46','15.07.2021','19','41237','Done','Cleaning','Валентин Логинов Чернова','Пеередали устройство на чистку'),(47,'47','27.09.2021','22','47230','Accepted','Diagnose','Андрей Субботин Маркова','Устройство отключается после включения'),(48,'48','12.06.2022','31','71749','Accepted','Diagnose','Валерия Никонова Дорофеева','Устройство перестает работать после 5-ти минут'),(49,'49','26.06.2022','4','14277','Done','Diagnose','Лука Бурова Смирнов','Устройство не включается'),(50,'50','11.11.2021','22','4735','Working On','Cleaning','Арсений Баранов Воробьев','Пеередали устройство на чистку'),(51,'','','','','','','',''),(52,'','','','','','','',''),(53,'','','','','','','',''),(54,'','','','','','','',''),(55,'','','','','','','',''),(56,'','','','','','','',''),(57,'','','','','','','',''),(58,'','','','','','','',''),(59,'','','','','','','',''),(60,'','','','','','','',''),(61,'','','','','','','',''),(62,'','','','','','','',''),(63,'','','','','','','',''),(64,'','','','','','','',''),(65,'','','','','','','',''),(66,'','','','','','','',''),(67,'','','','','','','',''),(68,'','','','','','','',''),(69,'','','','','','','',''),(70,'','','','','','','',''),(71,'','','','','','','',''),(72,'','','','','','','',''),(73,'','','','','','','',''),(74,'','','','','','','',''),(75,'','','','','','','',''),(76,'','','','','','','',''),(77,'','','','','','','',''),(78,'','','','','','','',''),(79,'','','','','','','',''),(80,'','','','','','','',''),(81,'','','','','','','',''),(82,'','','','','','','',''),(83,'','','','','','','',''),(84,'','','','','','','',''),(85,'','','','','','','',''),(86,'','','','','','','',''),(87,'','','','','','','',''),(88,'','','','','','','',''),(89,'','','','','','','',''),(90,'','','','','','','',''),(91,'','','','','','','',''),(92,'','','','','','','',''),(93,'','','','','','','',''),(94,'','','','','','','',''),(95,'','','','','','','',''),(96,'','','','','','','',''),(97,'','','','','','','',''),(98,'','','','','','','',''),(99,'','','','','','','',''),(100,'','','','','','','',''),(101,'','','','','','','',''),(102,'','','','','','','',''),(103,'','','','','','','',''),(104,'','','','','','','',''),(105,'','','','','','','',''),(106,'','','','','','','',''),(107,'','','','','','','',''),(108,'','','','','','','',''),(109,'','','','','','','',''),(110,'','','','','','','',''),(111,'','','','','','','',''),(112,'','','','','','','',''),(113,'','','','','','','',''),(114,'','','','','','','',''),(115,'','','','','','','',''),(116,'','','','','','','',''),(117,'','','','','','','',''),(118,'','','','','','','',''),(119,'','','','','','','',''),(120,'','','','','','','',''),(121,'','','','','','','',''),(122,'','','','','','','',''),(123,'','','','','','','',''),(124,'','','','','','','',''),(125,'','','','','','','',''),(126,'','','','','','','',''),(127,'','','','','','','',''),(128,'','','','','','','',''),(129,'','','','','','','',''),(130,'','','','','','','',''),(131,'','','','','','','',''),(132,'','','','','','','',''),(133,'','','','','','','',''),(134,'','','','','','','',''),(135,'','','','','','','',''),(136,'','','','','','','',''),(137,'','','','','','','',''),(138,'','','','','','','',''),(139,'','','','','','','',''),(140,'','','','','','','',''),(141,'','','','','','','',''),(142,'','','','','','','',''),(143,'','','','','','','',''),(144,'','','','','','','',''),(145,'','','','','','','',''),(146,'','','','','','','',''),(147,'','','','','','','',''),(148,'','','','','','','',''),(149,'','','','','','','',''),(150,'','','','','','','',''),(151,'','','','','','','',''),(152,'','','','','','','',''),(153,'','','','','','','',''),(154,'','','','','','','',''),(155,'','','','','','','',''),(156,'','','','','','','',''),(157,'','','','','','','',''),(158,'','','','','','','',''),(159,'','','','','','','',''),(160,'','','','','','','',''),(161,'','','','','','','',''),(162,'','','','','','','',''),(163,'','','','','','','',''),(164,'','','','','','','',''),(165,'','','','','','','',''),(166,'','','','','','','',''),(167,'','','','','','','',''),(168,'','','','','','','',''),(169,'','','','','','','',''),(170,'','','','','','','',''),(171,'','','','','','','',''),(172,'','','','','','','',''),(173,'','','','','','','',''),(174,'','','','','','','',''),(175,'','','','','','','',''),(176,'','','','','','','',''),(177,'','','','','','','',''),(178,'','','','','','','',''),(179,'','','','','','','',''),(180,'','','','','','','',''),(181,'','','','','','','',''),(182,'','','','','','','',''),(183,'','','','','','','',''),(184,'','','','','','','',''),(185,'','','','','','','',''),(186,'','','','','','','',''),(187,'','','','','','','',''),(188,'','','','','','','',''),(189,'','','','','','','',''),(190,'','','','','','','',''),(191,'','','','','','','',''),(192,'','','','','','','',''),(193,'','','','','','','',''),(194,'','','','','','','',''),(195,'','','','','','','',''),(196,'','','','','','','',''),(197,'','','','','','','',''),(198,'','','','','','','',''),(199,'','','','','','','',''),(200,'','','','','','','',''),(201,'','','','','','','',''),(202,'','','','','','','',''),(203,'','','','','','','',''),(204,'','','','','','','',''),(205,'','','','','','','',''),(206,'','','','','','','',''),(207,'','','','','','','',''),(208,'','','','','','','',''),(209,'','','','','','','',''),(210,'','','','','','','',''),(211,'','','','','','','',''),(212,'','','','','','','',''),(213,'','','','','','','',''),(214,'','','','','','','',''),(215,'','','','','','','',''),(216,'','','','','','','',''),(217,'','','','','','','',''),(218,'','','','','','','',''),(219,'','','','','','','',''),(220,'','','','','','','',''),(221,'','','','','','','',''),(222,'','','','','','','',''),(223,'','','','','','','',''),(224,'','','','','','','',''),(225,'','','','','','','',''),(226,'','','','','','','',''),(227,'','','','','','','',''),(228,'','','','','','','',''),(229,'','','','','','','',''),(230,'','','','','','','',''),(231,'','','','','','','',''),(232,'','','','','','','',''),(233,'','','','','','','',''),(234,'','','','','','','',''),(235,'','','','','','','',''),(236,'','','','','','','',''),(237,'','','','','','','',''),(238,'','','','','','','',''),(239,'','','','','','','',''),(240,'','','','','','','',''),(241,'','','','','','','',''),(242,'','','','','','','',''),(243,'','','','','','','',''),(244,'','','','','','','',''),(245,'','','','','','','',''),(246,'','','','','','','',''),(247,'','','','','','','',''),(248,'','','','','','','',''),(249,'','','','','','','',''),(250,'','','','','','','',''),(251,'','','','','','','',''),(252,'','','','','','','',''),(253,'','','','','','','',''),(254,'','','','','','','',''),(255,'','','','','','','',''),(256,'','','','','','','',''),(257,'','','','','','','',''),(258,'','','','','','','',''),(259,'','','','','','','',''),(260,'','','','','','','',''),(261,'','','','','','','',''),(262,'','','','','','','',''),(263,'','','','','','','',''),(264,'','','','','','','',''),(265,'','','','','','','',''),(266,'','','','','','','',''),(267,'','','','','','','',''),(268,'','','','','','','',''),(269,'','','','','','','',''),(270,'','','','','','','',''),(271,'','','','','','','',''),(272,'','','','','','','',''),(273,'','','','','','','',''),(274,'','','','','','','',''),(275,'','','','','','','',''),(276,'','','','','','','',''),(277,'','','','','','','',''),(278,'','','','','','','',''),(279,'','','','','','','',''),(280,'','','','','','','',''),(281,'','','','','','','',''),(282,'','','','','','','',''),(283,'','','','','','','',''),(284,'','','','','','','',''),(285,'','','','','','','',''),(286,'','','','','','','',''),(287,'','','','','','','',''),(288,'','','','','','','',''),(289,'','','','','','','',''),(290,'','','','','','','',''),(291,'','','','','','','',''),(292,'','','','','','','',''),(293,'','','','','','','',''),(294,'','','','','','','',''),(295,'','','','','','','',''),(296,'','','','','','','',''),(297,'','','','','','','',''),(298,'','','','','','','',''),(299,'','','','','','','',''),(300,'','','','','','','',''),(301,'','','','','','','',''),(302,'','','','','','','',''),(303,'','','','','','','',''),(304,'','','','','','','',''),(305,'','','','','','','',''),(306,'','','','','','','',''),(307,'','','','','','','',''),(308,'','','','','','','',''),(309,'','','','','','','',''),(310,'','','','','','','',''),(311,'','','','','','','',''),(312,'','','','','','','',''),(313,'','','','','','','',''),(314,'','','','','','','',''),(315,'','','','','','','',''),(316,'','','','','','','',''),(317,'','','','','','','',''),(318,'','','','','','','',''),(319,'','','','','','','',''),(320,'','','','','','','',''),(321,'','','','','','','',''),(322,'','','','','','','',''),(323,'','','','','','','',''),(324,'','','','','','','',''),(325,'','','','','','','',''),(326,'','','','','','','',''),(327,'','','','','','','',''),(328,'','','','','','','',''),(329,'','','','','','','',''),(330,'','','','','','','',''),(331,'','','','','','','',''),(332,'','','','','','','',''),(333,'','','','','','','',''),(334,'','','','','','','',''),(335,'','','','','','','',''),(336,'','','','','','','',''),(337,'','','','','','','',''),(338,'','','','','','','',''),(339,'','','','','','','',''),(340,'','','','','','','',''),(341,'','','','','','','',''),(342,'','','','','','','',''),(343,'','','','','','','',''),(344,'','','','','','','',''),(345,'','','','','','','',''),(346,'','','','','','','',''),(347,'','','','','','','',''),(348,'','','','','','','',''),(349,'','','','','','','',''),(350,'','','','','','','',''),(351,'','','','','','','',''),(352,'','','','','','','',''),(353,'','','','','','','',''),(354,'','','','','','','',''),(355,'','','','','','','',''),(356,'','','','','','','',''),(357,'','','','','','','',''),(358,'','','','','','','',''),(359,'','','','','','','',''),(360,'','','','','','','',''),(361,'','','','','','','',''),(362,'','','','','','','',''),(363,'','','','','','','',''),(364,'','','','','','','',''),(365,'','','','','','','',''),(366,'','','','','','','',''),(367,'','','','','','','',''),(368,'','','','','','','',''),(369,'','','','','','','',''),(370,'','','','','','','',''),(371,'','','','','','','',''),(372,'','','','','','','',''),(373,'','','','','','','',''),(374,'','','','','','','',''),(375,'','','','','','','',''),(376,'','','','','','','',''),(377,'','','','','','','',''),(378,'','','','','','','',''),(379,'','','','','','','',''),(380,'','','','','','','',''),(381,'','','','','','','',''),(382,'','','','','','','',''),(383,'','','','','','','',''),(384,'','','','','','','',''),(385,'','','','','','','',''),(386,'','','','','','','',''),(387,'','','','','','','',''),(388,'','','','','','','',''),(389,'','','','','','','',''),(390,'','','','','','','',''),(391,'','','','','','','',''),(392,'','','','','','','',''),(393,'','','','','','','',''),(394,'','','','','','','',''),(395,'','','','','','','',''),(396,'','','','','','','',''),(397,'','','','','','','',''),(398,'','','','','','','',''),(399,'','','','','','','',''),(400,'','','','','','','',''),(401,'','','','','','','',''),(402,'','','','','','','',''),(403,'','','','','','','',''),(404,'','','','','','','',''),(405,'','','','','','','',''),(406,'','','','','','','',''),(407,'','','','','','','',''),(408,'','','','','','','',''),(409,'','','','','','','',''),(410,'','','','','','','',''),(411,'','','','','','','',''),(412,'','','','','','','',''),(413,'','','','','','','',''),(414,'','','','','','','',''),(415,'','','','','','','',''),(416,'','','','','','','',''),(417,'','','','','','','',''),(418,'','','','','','','',''),(419,'','','','','','','',''),(420,'','','','','','','',''),(421,'','','','','','','',''),(422,'','','','','','','',''),(423,'','','','','','','',''),(424,'','','','','','','',''),(425,'','','','','','','',''),(426,'','','','','','','',''),(427,'','','','','','','',''),(428,'','','','','','','',''),(429,'','','','','','','',''),(430,'','','','','','','',''),(431,'','','','','','','',''),(432,'','','','','','','',''),(433,'','','','','','','',''),(434,'','','','','','','',''),(435,'','','','','','','',''),(436,'','','','','','','',''),(437,'','','','','','','',''),(438,'','','','','','','',''),(439,'','','','','','','',''),(440,'','','','','','','',''),(441,'','','','','','','',''),(442,'','','','','','','',''),(443,'','','','','','','',''),(444,'','','','','','','',''),(445,'','','','','','','',''),(446,'','','','','','','',''),(447,'','','','','','','',''),(448,'','','','','','','',''),(449,'','','','','','','',''),(450,'','','','','','','',''),(451,'','','','','','','',''),(452,'','','','','','','',''),(453,'','','','','','','',''),(454,'','','','','','','',''),(455,'','','','','','','',''),(456,'','','','','','','',''),(457,'','','','','','','',''),(458,'','','','','','','',''),(459,'','','','','','','',''),(460,'','','','','','','',''),(461,'','','','','','','',''),(462,'','','','','','','',''),(463,'','','','','','','',''),(464,'','','','','','','',''),(465,'','','','','','','',''),(466,'','','','','','','',''),(467,'','','','','','','',''),(468,'','','','','','','',''),(469,'','','','','','','',''),(470,'','','','','','','',''),(471,'','','','','','','',''),(472,'','','','','','','',''),(473,'','','','','','','',''),(474,'','','','','','','',''),(475,'','','','','','','',''),(476,'','','','','','','',''),(477,'','','','','','','',''),(478,'','','','','','','',''),(479,'','','','','','','',''),(480,'','','','','','','',''),(481,'','','','','','','',''),(482,'','','','','','','',''),(483,'','','','','','','',''),(484,'','','','','','','',''),(485,'','','','','','','',''),(486,'','','','','','','',''),(487,'','','','','','','',''),(488,'','','','','','','',''),(489,'','','','','','','',''),(490,'','','','','','','',''),(491,'','','','','','','',''),(492,'','','','','','','',''),(493,'','','','','','','',''),(494,'','','','','','','',''),(495,'','','','','','','',''),(496,'','','','','','','',''),(497,'','','','','','','',''),(498,'','','','','','','',''),(499,'','','','','','','',''),(500,'','','','','','','',''),(501,'','','','','','','',''),(502,'','','','','','','',''),(503,'','','','','','','',''),(504,'','','','','','','',''),(505,'','','','','','','',''),(506,'','','','','','','',''),(507,'','','','','','','',''),(508,'','','','','','','',''),(509,'','','','','','','',''),(510,'','','','','','','',''),(511,'','','','','','','',''),(512,'','','','','','','',''),(513,'','','','','','','',''),(514,'','','','','','','',''),(515,'','','','','','','',''),(516,'','','','','','','',''),(517,'','','','','','','',''),(518,'','','','','','','',''),(519,'','','','','','','',''),(520,'','','','','','','',''),(521,'','','','','','','',''),(522,'','','','','','','',''),(523,'','','','','','','',''),(524,'','','','','','','',''),(525,'','','','','','','',''),(526,'','','','','','','',''),(527,'','','','','','','',''),(528,'','','','','','','',''),(529,'','','','','','','',''),(530,'','','','','','','',''),(531,'','','','','','','',''),(532,'','','','','','','',''),(533,'','','','','','','',''),(534,'','','','','','','',''),(535,'','','','','','','',''),(536,'','','','','','','',''),(537,'','','','','','','',''),(538,'','','','','','','',''),(539,'','','','','','','',''),(540,'','','','','','','',''),(541,'','','','','','','',''),(542,'','','','','','','',''),(543,'','','','','','','',''),(544,'','','','','','','',''),(545,'','','','','','','',''),(546,'','','','','','','',''),(547,'','','','','','','',''),(548,'','','','','','','',''),(549,'','','','','','','',''),(550,'','','','','','','',''),(551,'','','','','','','',''),(552,'','','','','','','',''),(553,'','','','','','','',''),(554,'','','','','','','',''),(555,'','','','','','','',''),(556,'','','','','','','',''),(557,'','','','','','','',''),(558,'','','','','','','',''),(559,'','','','','','','',''),(560,'','','','','','','',''),(561,'','','','','','','',''),(562,'','','','','','','',''),(563,'','','','','','','',''),(564,'','','','','','','',''),(565,'','','','','','','',''),(566,'','','','','','','',''),(567,'','','','','','','',''),(568,'','','','','','','',''),(569,'','','','','','','',''),(570,'','','','','','','',''),(571,'','','','','','','',''),(572,'','','','','','','',''),(573,'','','','','','','',''),(574,'','','','','','','',''),(575,'','','','','','','',''),(576,'','','','','','','',''),(577,'','','','','','','',''),(578,'','','','','','','',''),(579,'','','','','','','',''),(580,'','','','','','','',''),(581,'','','','','','','',''),(582,'','','','','','','',''),(583,'','','','','','','',''),(584,'','','','','','','',''),(585,'','','','','','','',''),(586,'','','','','','','',''),(587,'','','','','','','',''),(588,'','','','','','','',''),(589,'','','','','','','',''),(590,'','','','','','','',''),(591,'','','','','','','',''),(592,'','','','','','','',''),(593,'','','','','','','',''),(594,'','','','','','','',''),(595,'','','','','','','',''),(596,'','','','','','','',''),(597,'','','','','','','',''),(598,'','','','','','','',''),(599,'','','','','','','',''),(600,'','','','','','','',''),(601,'','','','','','','',''),(602,'','','','','','','',''),(603,'','','','','','','',''),(604,'','','','','','','',''),(605,'','','','','','','',''),(606,'','','','','','','',''),(607,'','','','','','','',''),(608,'','','','','','','',''),(609,'','','','','','','',''),(610,'','','','','','','',''),(611,'','','','','','','',''),(612,'','','','','','','',''),(613,'','','','','','','',''),(614,'','','','','','','',''),(615,'','','','','','','',''),(616,'','','','','','','',''),(617,'','','','','','','',''),(618,'','','','','','','',''),(619,'','','','','','','',''),(620,'','','','','','','',''),(621,'','','','','','','',''),(622,'','','','','','','',''),(623,'','','','','','','',''),(624,'','','','','','','',''),(625,'','','','','','','',''),(626,'','','','','','','',''),(627,'','','','','','','',''),(628,'','','','','','','',''),(629,'','','','','','','',''),(630,'','','','','','','',''),(631,'','','','','','','',''),(632,'','','','','','','',''),(633,'','','','','','','',''),(634,'','','','','','','',''),(635,'','','','','','','',''),(636,'','','','','','','',''),(637,'','','','','','','',''),(638,'','','','','','','',''),(639,'','','','','','','',''),(640,'','','','','','','',''),(641,'','','','','','','',''),(642,'','','','','','','',''),(643,'','','','','','','',''),(644,'','','','','','','',''),(645,'','','','','','','',''),(646,'','','','','','','',''),(647,'','','','','','','',''),(648,'','','','','','','',''),(649,'','','','','','','',''),(650,'','','','','','','',''),(651,'','','','','','','',''),(652,'','','','','','','',''),(653,'','','','','','','',''),(654,'','','','','','','',''),(655,'','','','','','','',''),(656,'','','','','','','',''),(657,'','','','','','','',''),(658,'','','','','','','',''),(659,'','','','','','','',''),(660,'','','','','','','',''),(661,'','','','','','','',''),(662,'','','','','','','',''),(663,'','','','','','','',''),(664,'','','','','','','',''),(665,'','','','','','','',''),(666,'','','','','','','',''),(667,'','','','','','','',''),(668,'','','','','','','',''),(669,'','','','','','','',''),(670,'','','','','','','',''),(671,'','','','','','','',''),(672,'','','','','','','',''),(673,'','','','','','','',''),(674,'','','','','','','',''),(675,'','','','','','','',''),(676,'','','','','','','',''),(677,'','','','','','','',''),(678,'','','','','','','',''),(679,'','','','','','','',''),(680,'','','','','','','',''),(681,'','','','','','','',''),(682,'','','','','','','',''),(683,'','','','','','','',''),(684,'','','','','','','',''),(685,'','','','','','','',''),(686,'','','','','','','',''),(687,'','','','','','','',''),(688,'','','','','','','',''),(689,'','','','','','','',''),(690,'','','','','','','',''),(691,'','','','','','','',''),(692,'','','','','','','',''),(693,'','','','','','','',''),(694,'','','','','','','',''),(695,'','','','','','','',''),(696,'','','','','','','',''),(697,'','','','','','','',''),(698,'','','','','','','',''),(699,'','','','','','','',''),(700,'','','','','','','',''),(701,'','','','','','','',''),(702,'','','','','','','',''),(703,'','','','','','','',''),(704,'','','','','','','',''),(705,'','','','','','','',''),(706,'','','','','','','',''),(707,'','','','','','','',''),(708,'','','','','','','',''),(709,'','','','','','','',''),(710,'','','','','','','',''),(711,'','','','','','','',''),(712,'','','','','','','',''),(713,'','','','','','','',''),(714,'','','','','','','',''),(715,'','','','','','','',''),(716,'','','','','','','',''),(717,'','','','','','','',''),(718,'','','','','','','',''),(719,'','','','','','','',''),(720,'','','','','','','',''),(721,'','','','','','','',''),(722,'','','','','','','',''),(723,'','','','','','','',''),(724,'','','','','','','',''),(725,'','','','','','','',''),(726,'','','','','','','',''),(727,'','','','','','','',''),(728,'','','','','','','',''),(729,'','','','','','','',''),(730,'','','','','','','',''),(731,'','','','','','','',''),(732,'','','','','','','',''),(733,'','','','','','','',''),(734,'','','','','','','',''),(735,'','','','','','','',''),(736,'','','','','','','',''),(737,'','','','','','','',''),(738,'','','','','','','',''),(739,'','','','','','','',''),(740,'','','','','','','',''),(741,'','','','','','','',''),(742,'','','','','','','',''),(743,'','','','','','','',''),(744,'','','','','','','',''),(745,'','','','','','','',''),(746,'','','','','','','',''),(747,'','','','','','','',''),(748,'','','','','','','',''),(749,'','','','','','','',''),(750,'','','','','','','',''),(751,'','','','','','','',''),(752,'','','','','','','',''),(753,'','','','','','','',''),(754,'','','','','','','',''),(755,'','','','','','','',''),(756,'','','','','','','',''),(757,'','','','','','','',''),(758,'','','','','','','',''),(759,'','','','','','','',''),(760,'','','','','','','',''),(761,'','','','','','','',''),(762,'','','','','','','',''),(763,'','','','','','','',''),(764,'','','','','','','',''),(765,'','','','','','','',''),(766,'','','','','','','',''),(767,'','','','','','','',''),(768,'','','','','','','',''),(769,'','','','','','','',''),(770,'','','','','','','',''),(771,'','','','','','','',''),(772,'','','','','','','',''),(773,'','','','','','','',''),(774,'','','','','','','',''),(775,'','','','','','','',''),(776,'','','','','','','',''),(777,'','','','','','','',''),(778,'','','','','','','',''),(779,'','','','','','','',''),(780,'','','','','','','',''),(781,'','','','','','','',''),(782,'','','','','','','',''),(783,'','','','','','','',''),(784,'','','','','','','',''),(785,'','','','','','','',''),(786,'','','','','','','',''),(787,'','','','','','','',''),(788,'','','','','','','',''),(789,'','','','','','','',''),(790,'','','','','','','',''),(791,'','','','','','','',''),(792,'','','','','','','',''),(793,'','','','','','','',''),(794,'','','','','','','',''),(795,'','','','','','','',''),(796,'','','','','','','',''),(797,'','','','','','','',''),(798,'','','','','','','',''),(799,'','','','','','','',''),(800,'','','','','','','',''),(801,'','','','','','','',''),(802,'','','','','','','',''),(803,'','','','','','','',''),(804,'','','','','','','',''),(805,'','','','','','','',''),(806,'','','','','','','',''),(807,'','','','','','','',''),(808,'','','','','','','',''),(809,'','','','','','','',''),(810,'','','','','','','',''),(811,'','','','','','','',''),(812,'','','','','','','',''),(813,'','','','','','','',''),(814,'','','','','','','',''),(815,'','','','','','','',''),(816,'','','','','','','',''),(817,'','','','','','','',''),(818,'','','','','','','',''),(819,'','','','','','','',''),(820,'','','','','','','',''),(821,'','','','','','','',''),(822,'','','','','','','',''),(823,'','','','','','','',''),(824,'','','','','','','',''),(825,'','','','','','','',''),(826,'','','','','','','',''),(827,'','','','','','','',''),(828,'','','','','','','',''),(829,'','','','','','','',''),(830,'','','','','','','',''),(831,'','','','','','','',''),(832,'','','','','','','',''),(833,'','','','','','','',''),(834,'','','','','','','',''),(835,'','','','','','','',''),(836,'','','','','','','',''),(837,'','','','','','','',''),(838,'','','','','','','',''),(839,'','','','','','','',''),(840,'','','','','','','',''),(841,'','','','','','','',''),(842,'','','','','','','',''),(843,'','','','','','','',''),(844,'','','','','','','',''),(845,'','','','','','','',''),(846,'','','','','','','',''),(847,'','','','','','','',''),(848,'','','','','','','',''),(849,'','','','','','','',''),(850,'','','','','','','',''),(851,'','','','','','','',''),(852,'','','','','','','',''),(853,'','','','','','','',''),(854,'','','','','','','',''),(855,'','','','','','','',''),(856,'','','','','','','',''),(857,'','','','','','','',''),(858,'','','','','','','',''),(859,'','','','','','','',''),(860,'','','','','','','',''),(861,'','','','','','','',''),(862,'','','','','','','',''),(863,'','','','','','','',''),(864,'','','','','','','',''),(865,'','','','','','','',''),(866,'','','','','','','',''),(867,'','','','','','','',''),(868,'','','','','','','',''),(869,'','','','','','','',''),(870,'','','','','','','',''),(871,'','','','','','','',''),(872,'','','','','','','',''),(873,'','','','','','','',''),(874,'','','','','','','',''),(875,'','','','','','','',''),(876,'','','','','','','',''),(877,'','','','','','','',''),(878,'','','','','','','',''),(879,'','','','','','','',''),(880,'','','','','','','',''),(881,'','','','','','','',''),(882,'','','','','','','',''),(883,'','','','','','','',''),(884,'','','','','','','',''),(885,'','','','','','','',''),(886,'','','','','','','',''),(887,'','','','','','','',''),(888,'','','','','','','',''),(889,'','','','','','','',''),(890,'','','','','','','',''),(891,'','','','','','','',''),(892,'','','','','','','',''),(893,'','','','','','','',''),(894,'','','','','','','',''),(895,'','','','','','','',''),(896,'','','','','','','',''),(897,'','','','','','','',''),(898,'','','','','','','',''),(899,'','','','','','','',''),(900,'','','','','','','',''),(901,'','','','','','','',''),(902,'','','','','','','',''),(903,'','','','','','','',''),(904,'','','','','','','',''),(905,'','','','','','','',''),(906,'','','','','','','',''),(907,'','','','','','','',''),(908,'','','','','','','',''),(909,'','','','','','','',''),(910,'','','','','','','',''),(911,'','','','','','','',''),(912,'','','','','','','',''),(913,'','','','','','','',''),(914,'','','','','','','',''),(915,'','','','','','','',''),(916,'','','','','','','',''),(917,'','','','','','','',''),(918,'','','','','','','',''),(919,'','','','','','','',''),(920,'','','','','','','',''),(921,'','','','','','','',''),(922,'','','','','','','',''),(923,'','','','','','','',''),(924,'','','','','','','',''),(925,'','','','','','','',''),(926,'','','','','','','',''),(927,'','','','','','','',''),(928,'','','','','','','',''),(929,'','','','','','','',''),(930,'','','','','','','',''),(931,'','','','','','','',''),(932,'','','','','','','',''),(933,'','','','','','','',''),(934,'','','','','','','',''),(935,'','','','','','','',''),(936,'','','','','','','',''),(937,'','','','','','','',''),(938,'','','','','','','',''),(939,'','','','','','','',''),(940,'','','','','','','',''),(941,'','','','','','','',''),(942,'','','','','','','',''),(943,'','','','','','','',''),(944,'','','','','','','',''),(945,'','','','','','','',''),(946,'','','','','','','',''),(947,'','','','','','','',''),(948,'','','','','','','',''),(949,'','','','','','','',''),(950,'','','','','','','',''),(951,'','','','','','','',''),(952,'','','','','','','',''),(953,'','','','','','','',''),(954,'','','','','','','',''),(955,'','','','','','','',''),(956,'','','','','','','',''),(957,'','','','','','','',''),(958,'','','','','','','',''),(959,'','','','','','','',''),(960,'','','','','','','',''),(961,'','','','','','','',''),(962,'','','','','','','',''),(963,'','','','','','','',''),(964,'','','','','','','',''),(965,'','','','','','','',''),(966,'','','','','','','',''),(967,'','','','','','','',''),(968,'','','','','','','',''),(969,'','','','','','','',''),(970,'','','','','','','',''),(971,'','','','','','','',''),(972,'','','','','','','',''),(973,'','','','','','','',''),(974,'','','','','','','',''),(975,'','','','','','','',''),(976,'','','','','','','',''),(977,'','','','','','','',''),(978,'','','','','','','',''),(979,'','','','','','','',''),(980,'','','','','','','',''),(981,'','','','','','','',''),(982,'','','','','','','',''),(983,'','','','','','','',''),(984,'','','','','','','',''),(985,'','','','','','','',''),(986,'','','','','','','',''),(987,'','','','','','','',''),(988,'','','','','','','',''),(989,'','','','','','','',''),(990,'','','','','','','',''),(991,'','','','','','','',''),(992,'','','','','','','',''),(993,'','','','','','','',''),(994,'','','','','','','',''),(995,'','','','','','','',''),(996,'','','','','','','',''),(997,'','','','','','','',''),(998,'','','','','','','',''),(999,'','','','','','','','');
/*!40000 ALTER TABLE `orders` ENABLE KEYS */;
UNLOCK TABLES;
/*!40103 SET TIME_ZONE=@OLD_TIME_ZONE */;

/*!40101 SET SQL_MODE=@OLD_SQL_MODE */;
/*!40014 SET FOREIGN_KEY_CHECKS=@OLD_FOREIGN_KEY_CHECKS */;
/*!40014 SET UNIQUE_CHECKS=@OLD_UNIQUE_CHECKS */;
/*!40101 SET CHARACTER_SET_CLIENT=@OLD_CHARACTER_SET_CLIENT */;
/*!40101 SET CHARACTER_SET_RESULTS=@OLD_CHARACTER_SET_RESULTS */;
/*!40101 SET COLLATION_CONNECTION=@OLD_COLLATION_CONNECTION */;
/*!40111 SET SQL_NOTES=@OLD_SQL_NOTES */;

-- Dump completed on 2023-05-12 15:31:10
